run_id,window_id,timestamp,y_true,y_pred,probability_stable,probability_unstable,fold_id
1,W0000,2026-04-07 17:09:40+00:00,1,1,0.884246,0.115754,0
1,W0001,2026-04-07 17:10:10+00:00,1,1,0.874756,0.125244,0
1,W0002,2026-04-07 17:10:40+00:00,1,1,0.787181,0.212819,0
1,W0003,2026-04-07 17:11:10+00:00,1,1,0.820666,0.179334,0
1,W0004,2026-04-07 17:11:40+00:00,1,1,0.813788,0.186212,0
1,W0005,2026-04-07 17:12:10+00:00,1,1,0.848315,0.151685,0
1,W0006,2026-04-07 17:12:40+00:00,1,1,0.841484,0.158516,0
1,W0007,2026-04-07 17:13:10+00:00,1,1,0.845829,0.154171,0
1,W0008,2026-04-07 17:13:40+00:00,1,1,0.870173,0.129827,0
1,W0009,2026-04-07 17:14:10+00:00,1,1,0.877024,0.122976,0
1,W0010,2026-04-07 17:14:40+00:00,1,1,0.883018,0.116982,0
1,W0011,2026-04-07 17:15:10+00:00,1,1,0.884788,0.115212,0
1,W0012,2026-04-07 17:15:40+00:00,1,1,0.855797,0.144203,0
1,W0013,2026-04-07 17:16:10+00:00,1,1,0.809479,0.190521,0
1,W0014,2026-04-07 17:16:40+00:00,1,1,0.842652,0.157348,0
1,W0015,2026-04-07 17:17:10+00:00,1,1,0.848922,0.151078,0
1,W0016,2026-04-07 17:17:40+00:00,1,1,0.844177,0.155823,0
1,W0017,2026-04-07 17:18:10+00:00,1,1,0.840905,0.159095,0
1,W0018,2026-04-07 17:18:40+00:00,1,1,0.871451,0.128549,0
1,W0019,2026-04-07 17:19:10+00:00,1,1,0.841098,0.158902,0
1,W0020,2026-04-07 17:19:40+00:00,1,1,0.789353,0.210647,0
1,W0021,2026-04-07 17:20:10+00:00,1,1,0.790545,0.209455,0
1,W0022,2026-04-07 17:20:40+00:00,1,1,0.790033,0.209967,0
1,W0023,2026-04-07 17:21:10+00:00,1,1,0.774389,0.225611,0
1,W0024,2026-04-07 17:21:40+00:00,1,1,0.863672,0.136328,0
1,W0025,2026-04-07 17:22:10+00:00,1,1,0.872195,0.127805,0
1,W0026,2026-04-07 17:22:40+00:00,1,1,0.874582,0.125418,0
1,W0027,2026-04-07 17:23:10+00:00,1,1,0.879685,0.120315,0
1,W0028,2026-04-07 17:23:40+00:00,1,1,0.849607,0.150393,0
1,W0029,2026-04-07 17:24:10+00:00,1,1,0.855773,0.144227,0
1,W0030,2026-04-07 17:24:40+00:00,1,1,0.832929,0.167071,0
1,W0031,2026-04-07 17:25:10+00:00,1,1,0.845777,0.154223,0
1,W0032,2026-04-07 17:25:40+00:00,1,1,0.864115,0.135885,0
1,W0033,2026-04-07 17:26:10+00:00,1,1,0.785425,0.214575,0
1,W0034,2026-04-07 17:26:40+00:00,1,1,0.857106,0.142894,0
1,W0035,2026-04-07 17:27:10+00:00,1,1,0.844826,0.155174,0
1,W0036,2026-04-07 17:27:40+00:00,1,1,0.804583,0.195417,0
1,W0037,2026-04-07 17:28:10+00:00,1,1,0.838870,0.161130,0
1,W0038,2026-04-07 17:28:40+00:00,1,1,0.832217,0.167783,0
1,W0039,2026-04-07 17:29:10+00:00,1,1,0.839232,0.160768,0
1,W0040,2026-04-07 17:29:40+00:00,1,1,0.882453,0.117547,0
1,W0041,2026-04-07 17:30:10+00:00,1,1,0.861482,0.138518,0
1,W0042,2026-04-07 17:30:40+00:00,1,1,0.821840,0.178160,0
1,W0043,2026-04-07 17:31:10+00:00,1,1,0.822699,0.177301,0
1,W0044,2026-04-07 17:31:40+00:00,1,1,0.854328,0.145672,0
1,W0045,2026-04-07 17:32:10+00:00,0,1,0.646689,0.353311,0
1,W0046,2026-04-07 17:32:40+00:00,0,1,0.562342,0.437658,0
1,W0047,2026-04-07 17:33:10+00:00,0,1,0.583400,0.416600,0
1,W0048,2026-04-07 17:33:40+00:00,0,1,0.615250,0.384750,0
1,W0049,2026-04-07 17:34:10+00:00,1,1,0.622119,0.377881,0
1,W0050,2026-04-07 17:34:40+00:00,1,1,0.617869,0.382131,0
1,W0051,2026-04-07 17:35:10+00:00,1,1,0.725418,0.274582,0
1,W0052,2026-04-07 17:35:40+00:00,1,1,0.768001,0.231999,0
1,W0053,2026-04-07 17:36:10+00:00,1,1,0.888338,0.111662,0
1,W0054,2026-04-07 17:36:40+00:00,1,1,0.943871,0.056129,0
1,W0055,2026-04-07 17:37:10+00:00,0,1,0.934431,0.065569,0
1,W0056,2026-04-07 17:37:40+00:00,0,1,0.865709,0.134291,0
1,W0057,2026-04-07 17:38:10+00:00,0,0,0.219501,0.780499,0
1,W0058,2026-04-07 17:38:40+00:00,0,0,0.100221,0.899779,0
1,W0059,2026-04-07 17:39:10+00:00,0,0,0.115919,0.884081,0
1,W0060,2026-04-07 17:39:40+00:00,0,0,0.118017,0.881983,0
1,W0061,2026-04-07 17:40:10+00:00,1,0,0.159703,0.840297,0
1,W0062,2026-04-07 17:40:40+00:00,1,0,0.152090,0.847910,0
1,W0063,2026-04-07 17:41:10+00:00,1,1,0.816341,0.183659,0
1,W0064,2026-04-07 17:41:40+00:00,1,1,0.939330,0.060670,0
1,W0065,2026-04-07 17:42:10+00:00,1,1,0.910886,0.089114,0
1,W0066,2026-04-07 17:42:40+00:00,1,1,0.918923,0.081077,0
1,W0067,2026-04-07 17:43:10+00:00,1,1,0.895003,0.104997,0
1,W0068,2026-04-07 17:43:40+00:00,1,1,0.847329,0.152671,0
1,W0069,2026-04-07 17:44:10+00:00,1,1,0.860414,0.139586,0
1,W0070,2026-04-07 17:44:40+00:00,1,1,0.737405,0.262595,0
1,W0071,2026-04-07 17:45:10+00:00,1,1,0.919137,0.080863,0
1,W0072,2026-04-07 17:45:40+00:00,1,1,0.922531,0.077469,0
1,W0073,2026-04-07 17:46:10+00:00,1,1,0.931725,0.068275,0
1,W0074,2026-04-07 17:46:40+00:00,1,1,0.923269,0.076731,0
1,W0075,2026-04-07 17:47:10+00:00,1,1,0.963051,0.036949,0
1,W0076,2026-04-07 17:47:40+00:00,1,1,0.957874,0.042126,0
1,W0077,2026-04-07 17:48:10+00:00,1,1,0.965698,0.034302,0
1,W0078,2026-04-07 17:48:40+00:00,1,1,0.974135,0.025865,0
1,W0079,2026-04-07 17:49:10+00:00,1,1,0.976447,0.023553,0
1,W0080,2026-04-07 17:49:40+00:00,1,1,0.918293,0.081707,0
1,W0081,2026-04-07 17:50:10+00:00,1,1,0.895954,0.104046,0
1,W0082,2026-04-07 17:50:40+00:00,1,1,0.909086,0.090914,0
1,W0083,2026-04-07 17:51:10+00:00,1,1,0.899317,0.100683,0
1,W0084,2026-04-07 17:51:40+00:00,1,1,0.972365,0.027635,0
1,W0085,2026-04-07 17:52:10+00:00,1,1,0.935801,0.064199,0
1,W0086,2026-04-07 17:52:40+00:00,1,1,0.917530,0.082470,0
1,W0087,2026-04-07 17:53:10+00:00,1,1,0.920473,0.079527,0
1,W0088,2026-04-07 17:53:40+00:00,1,1,0.900318,0.099682,0
1,W0089,2026-04-07 17:54:10+00:00,1,1,0.967450,0.032550,0
1,W0090,2026-04-07 17:54:40+00:00,1,1,0.972365,0.027635,0
1,W0091,2026-04-07 17:55:10+00:00,1,1,0.968185,0.031815,0
1,W0092,2026-04-07 17:55:40+00:00,1,1,0.968306,0.031694,0
1,W0093,2026-04-07 17:56:10+00:00,1,1,0.903725,0.096275,0
1,W0094,2026-04-07 17:56:40+00:00,1,1,0.916790,0.083210,0
1,W0095,2026-04-07 17:57:10+00:00,1,1,0.683860,0.316140,0
1,W0096,2026-04-07 17:57:40+00:00,1,1,0.923642,0.076358,0
1,W0097,2026-04-07 17:58:10+00:00,1,1,0.914225,0.085775,0
1,W0098,2026-04-07 17:58:40+00:00,1,1,0.898306,0.101694,0
1,W0099,2026-04-07 17:59:10+00:00,1,1,0.914042,0.085958,0
1,W0100,2026-04-07 17:59:40+00:00,1,1,0.938791,0.061209,0
1,W0101,2026-04-07 18:00:10+00:00,1,1,0.759723,0.240277,0
1,W0102,2026-04-07 18:00:40+00:00,1,1,0.766601,0.233399,0
1,W0103,2026-04-07 18:01:10+00:00,1,1,0.974135,0.025865,0
1,W0104,2026-04-07 18:01:40+00:00,1,1,0.969955,0.030045,0
1,W0105,2026-04-07 18:02:10+00:00,1,1,0.967837,0.032163,0
1,W0106,2026-04-07 18:02:40+00:00,1,1,0.971160,0.028840,0
1,W0107,2026-04-07 18:03:10+00:00,1,1,0.612561,0.387439,0
1,W0108,2026-04-07 18:03:40+00:00,1,1,0.611792,0.388208,0
1,W0109,2026-04-07 18:04:10+00:00,1,1,0.786262,0.213738,0
1,W0110,2026-04-07 18:04:40+00:00,1,1,0.859748,0.140252,0
1,W0111,2026-04-07 18:05:10+00:00,1,1,0.910101,0.089899,0
1,W0112,2026-04-07 18:05:40+00:00,1,1,0.895483,0.104517,0
1,W0113,2026-04-07 18:06:10+00:00,1,1,0.948339,0.051661,0
1,W0114,2026-04-07 18:06:40+00:00,1,1,0.964743,0.035257,0
1,W0115,2026-04-07 18:07:10+00:00,1,1,0.807389,0.192611,0
1,W0116,2026-04-07 18:07:40+00:00,1,1,0.970802,0.029198,0
1,W0117,2026-04-07 18:08:10+00:00,1,1,0.970425,0.029575,0
1,W0118,2026-04-07 18:08:40+00:00,1,1,0.974135,0.025865,0
1,W0119,2026-04-07 18:09:10+00:00,1,1,0.970618,0.029382,0
1,W0120,2026-04-07 18:09:40+00:00,1,1,0.916956,0.083044,0
1,W0121,2026-04-07 18:10:10+00:00,1,1,0.895937,0.104063,0
1,W0122,2026-04-07 18:10:40+00:00,1,1,0.939885,0.060115,0
1,W0123,2026-04-07 18:11:10+00:00,1,1,0.920557,0.079443,0
1,W0124,2026-04-07 18:11:40+00:00,1,1,0.927861,0.072139,0
1,W0125,2026-04-07 18:12:10+00:00,1,1,0.958293,0.041707,0
1,W0126,2026-04-07 18:12:40+00:00,1,1,0.962374,0.037626,0
1,W0127,2026-04-07 18:13:10+00:00,1,1,0.964893,0.035107,0
1,W0128,2026-04-07 18:13:40+00:00,1,1,0.965308,0.034692,0
1,W0129,2026-04-07 18:14:10+00:00,1,1,0.963395,0.036605,0
1,W0130,2026-04-07 18:14:40+00:00,1,1,0.957148,0.042852,0
1,W0131,2026-04-07 18:15:10+00:00,1,1,0.827434,0.172566,0
1,W0132,2026-04-07 18:15:40+00:00,1,1,0.775064,0.224936,0
1,W0133,2026-04-07 18:16:10+00:00,1,1,0.888848,0.111152,0
1,W0134,2026-04-07 18:16:40+00:00,1,1,0.935402,0.064598,0
1,W0135,2026-04-07 18:17:10+00:00,1,1,0.935561,0.064439,0
1,W0136,2026-04-07 18:17:40+00:00,1,1,0.967827,0.032173,0
1,W0137,2026-04-07 18:18:10+00:00,1,1,0.971560,0.028440,0
1,W0138,2026-04-07 18:18:40+00:00,1,1,0.964949,0.035051,0
1,W0139,2026-04-07 18:19:10+00:00,1,1,0.964779,0.035221,0
1,W0140,2026-04-07 18:19:40+00:00,1,1,0.966057,0.033943,0
1,W0141,2026-04-07 18:20:10+00:00,1,1,0.910452,0.089548,0
1,W0142,2026-04-07 18:20:40+00:00,1,1,0.950601,0.049399,0
1,W0143,2026-04-07 18:21:10+00:00,1,1,0.925976,0.074024,0
1,W0144,2026-04-07 18:21:40+00:00,1,1,0.901899,0.098101,0
1,W0145,2026-04-07 18:22:10+00:00,1,1,0.878011,0.121989,0
1,W0146,2026-04-07 18:22:40+00:00,1,1,0.922262,0.077738,0
1,W0147,2026-04-07 18:23:10+00:00,1,1,0.917776,0.082224,0
1,W0148,2026-04-07 18:23:40+00:00,1,1,0.890130,0.109870,0
1,W0149,2026-04-07 18:24:10+00:00,1,1,0.962723,0.037277,0
1,W0150,2026-04-07 18:24:40+00:00,1,1,0.913457,0.086543,0
1,W0151,2026-04-07 18:25:10+00:00,1,1,0.959478,0.040522,0
1,W0152,2026-04-07 18:25:40+00:00,1,1,0.971160,0.028840,0
1,W0153,2026-04-07 18:26:10+00:00,1,1,0.926832,0.073168,0
1,W0154,2026-04-07 18:26:40+00:00,1,1,0.925820,0.074180,0
1,W0155,2026-04-07 18:27:10+00:00,1,1,0.910146,0.089854,0
1,W0156,2026-04-07 18:27:40+00:00,1,1,0.914032,0.085968,0
1,W0157,2026-04-07 18:28:10+00:00,1,1,0.921498,0.078502,0
1,W0158,2026-04-07 18:28:40+00:00,1,1,0.908561,0.091439,0
1,W0159,2026-04-07 18:29:10+00:00,1,1,0.925742,0.074258,0
1,W0160,2026-04-07 18:29:40+00:00,1,1,0.880444,0.119556,0
1,W0161,2026-04-07 18:30:10+00:00,1,1,0.961183,0.038817,0
1,W0162,2026-04-07 18:30:40+00:00,1,1,0.969390,0.030610,0
1,W0163,2026-04-07 18:31:10+00:00,1,1,0.970595,0.029405,0
1,W0164,2026-04-07 18:31:40+00:00,1,1,0.969390,0.030610,0
1,W0165,2026-04-07 18:32:10+00:00,1,1,0.971630,0.028370,0
1,W0166,2026-04-07 18:32:40+00:00,1,1,0.967643,0.032357,0
1,W0167,2026-04-07 18:33:10+00:00,1,1,0.965252,0.034748,0
1,W0168,2026-04-07 18:33:40+00:00,1,1,0.943853,0.056147,0
1,W0169,2026-04-07 18:34:10+00:00,1,1,0.931719,0.068281,0
1,W0170,2026-04-07 18:34:40+00:00,1,1,0.975905,0.024095,0
1,W0171,2026-04-07 18:35:10+00:00,1,1,0.969042,0.030958,0
1,W0172,2026-04-07 18:35:40+00:00,1,1,0.975905,0.024095,0
1,W0173,2026-04-07 18:36:10+00:00,1,1,0.974135,0.025865,0
1,W0174,2026-04-07 18:36:40+00:00,1,1,0.970812,0.029188,0
1,W0175,2026-04-07 18:37:10+00:00,1,1,0.895150,0.104850,0
1,W0176,2026-04-07 18:37:40+00:00,1,1,0.961768,0.038232,0
1,W0177,2026-04-07 18:38:10+00:00,1,1,0.923099,0.076901,0
1,W0178,2026-04-07 18:38:40+00:00,1,1,0.910695,0.089305,0
1,W0179,2026-04-07 18:39:10+00:00,1,1,0.909178,0.090822,0
1,W0180,2026-04-07 18:39:40+00:00,1,1,0.916212,0.083788,0
1,W0181,2026-04-07 18:40:10+00:00,1,1,0.972195,0.027805,0
1,W0182,2026-04-07 18:40:40+00:00,1,1,0.962467,0.037533,0
1,W0183,2026-04-07 18:41:10+00:00,1,1,0.966342,0.033658,0
1,W0184,2026-04-07 18:41:40+00:00,1,1,0.959285,0.040715,0
1,W0185,2026-04-07 18:42:10+00:00,1,1,0.952619,0.047381,0
1,W0186,2026-04-07 18:42:40+00:00,1,1,0.965160,0.034840,0
1,W0187,2026-04-07 18:43:10+00:00,1,1,0.972930,0.027070,0
1,W0188,2026-04-07 18:43:40+00:00,1,1,0.972930,0.027070,0
1,W0189,2026-04-07 18:44:10+00:00,1,1,0.964237,0.035763,0
1,W0190,2026-04-07 18:44:40+00:00,1,1,0.969390,0.030610,0
1,W0191,2026-04-07 18:45:10+00:00,1,1,0.974135,0.025865,0
1,W0192,2026-04-07 18:45:40+00:00,1,1,0.974135,0.025865,0
1,W0193,2026-04-07 18:46:10+00:00,1,1,0.971160,0.028840,0
1,W0194,2026-04-07 18:46:40+00:00,1,1,0.904149,0.095851,0
1,W0195,2026-04-07 18:47:10+00:00,1,1,0.967078,0.032922,0
1,W0196,2026-04-07 18:47:40+00:00,1,1,0.974135,0.025865,0
1,W0197,2026-04-07 18:48:10+00:00,1,1,0.974135,0.025865,0
1,W0198,2026-04-07 18:48:40+00:00,1,1,0.967078,0.032922,0
1,W0199,2026-04-07 18:49:10+00:00,1,1,0.967078,0.032922,0
1,W0200,2026-04-07 18:49:40+00:00,1,1,0.907660,0.092340,0
1,W0201,2026-04-07 18:50:10+00:00,1,1,0.969390,0.030610,0
1,W0202,2026-04-07 18:50:40+00:00,1,1,0.964287,0.035713,0
1,W0203,2026-04-07 18:51:10+00:00,1,1,0.969597,0.030403,0
1,W0204,2026-04-07 18:51:40+00:00,1,1,0.974677,0.025323,0
1,W0205,2026-04-07 18:52:10+00:00,1,1,0.968655,0.031345,0
1,W0206,2026-04-07 18:52:40+00:00,1,1,0.967005,0.032995,0
1,W0207,2026-04-07 18:53:10+00:00,1,1,0.964766,0.035234,0
1,W0208,2026-04-07 18:53:40+00:00,1,1,0.967741,0.032259,0
1,W0209,2026-04-07 18:54:10+00:00,1,1,0.974135,0.025865,0
1,W0210,2026-04-07 18:54:40+00:00,1,1,0.970066,0.029934,0
1,W0211,2026-04-07 18:55:10+00:00,1,1,0.969390,0.030610,0
1,W0212,2026-04-07 18:55:40+00:00,1,1,0.972195,0.027805,0
1,W0213,2026-04-07 18:56:10+00:00,1,1,0.974135,0.025865,0
1,W0214,2026-04-07 18:56:40+00:00,1,1,0.974135,0.025865,0
1,W0215,2026-04-07 18:57:10+00:00,1,1,0.974135,0.025865,0
1,W0216,2026-04-07 18:57:40+00:00,1,1,0.971160,0.028840,0
1,W0217,2026-04-07 18:58:10+00:00,1,1,0.974135,0.025865,0
1,W0218,2026-04-07 18:58:40+00:00,1,1,0.968585,0.031415,0
1,W0219,2026-04-07 18:59:10+00:00,1,1,0.959662,0.040338,0
1,W0220,2026-04-07 18:59:40+00:00,1,1,0.967620,0.032380,0
1,W0221,2026-04-07 19:00:10+00:00,0,1,0.974135,0.025865,0
1,W0222,2026-04-07 19:00:40+00:00,0,1,0.961518,0.038482,0
1,W0223,2026-04-07 19:01:10+00:00,0,0,0.001563,0.998437,0
1,W0224,2026-04-07 19:01:40+00:00,0,0,0.030871,0.969129,0
1,W0225,2026-04-07 19:02:10+00:00,0,0,0.011563,0.988437,0
1,W0226,2026-04-07 19:02:40+00:00,0,0,0.042480,0.957520,0
1,W0227,2026-04-07 19:03:10+00:00,0,0,0.322143,0.677857,0
1,W0228,2026-04-07 19:03:40+00:00,0,0,0.341012,0.658988,0
1,W0229,2026-04-07 19:04:10+00:00,0,0,0.053999,0.946001,0
1,W0230,2026-04-07 19:04:40+00:00,0,0,0.012584,0.987416,0
1,W0231,2026-04-07 19:05:10+00:00,0,0,0.025655,0.974345,0
1,W0232,2026-04-07 19:05:40+00:00,0,0,0.099288,0.900712,0
1,W0233,2026-04-07 19:06:10+00:00,0,0,0.144481,0.855519,0
1,W0234,2026-04-07 19:06:40+00:00,0,0,0.224102,0.775898,0
1,W0235,2026-04-07 19:07:10+00:00,0,0,0.116675,0.883325,0
1,W0236,2026-04-07 19:07:40+00:00,0,0,0.104560,0.895440,0
1,W0237,2026-04-07 19:08:10+00:00,1,0,0.272574,0.727426,0
1,W0238,2026-04-07 19:08:40+00:00,1,0,0.405975,0.594025,0
1,W0239,2026-04-07 19:09:10+00:00,1,1,0.632829,0.367171,0
1,W0240,2026-04-07 19:09:40+00:00,1,1,0.573422,0.426578,0
1,W0241,2026-04-07 19:10:10+00:00,1,1,0.641728,0.358272,0
1,W0242,2026-04-07 19:10:40+00:00,1,1,0.666370,0.333630,0
1,W0243,2026-04-07 19:11:10+00:00,1,1,0.681261,0.318739,0
1,W0244,2026-04-07 19:11:40+00:00,1,1,0.656180,0.343820,0
1,W0245,2026-04-07 19:12:10+00:00,1,1,0.813217,0.186783,0
1,W0246,2026-04-07 19:12:40+00:00,1,1,0.903780,0.096220,0
1,W0247,2026-04-07 19:13:10+00:00,1,1,0.908207,0.091793,0
1,W0248,2026-04-07 19:13:40+00:00,1,1,0.925972,0.074028,0
1,W0249,2026-04-07 19:14:10+00:00,1,1,0.947888,0.052112,0
31,W0250,2026-04-08 09:22:50+00:00,0,0,0.033364,0.966636,1
31,W0251,2026-04-08 09:23:20+00:00,0,0,0.034220,0.965780,1
31,W0252,2026-04-08 09:23:50+00:00,0,0,0.042314,0.957686,1
31,W0253,2026-04-08 09:24:20+00:00,0,0,0.037358,0.962642,1
31,W0254,2026-04-08 09:24:50+00:00,0,0,0.017446,0.982554,1
31,W0255,2026-04-08 09:25:20+00:00,0,0,0.009418,0.990582,1
31,W0256,2026-04-08 09:25:50+00:00,0,0,0.024892,0.975108,1
31,W0257,2026-04-08 09:26:20+00:00,0,0,0.040544,0.959456,1
31,W0258,2026-04-08 09:26:50+00:00,0,0,0.065344,0.934656,1
31,W0259,2026-04-08 09:27:20+00:00,0,0,0.050292,0.949708,1
31,W0260,2026-04-08 09:27:50+00:00,0,0,0.068091,0.931909,1
31,W0261,2026-04-08 09:28:20+00:00,1,0,0.140339,0.859661,1
31,W0262,2026-04-08 09:28:50+00:00,1,0,0.297368,0.702632,1
31,W0263,2026-04-08 09:29:20+00:00,1,1,0.563064,0.436936,1
31,W0264,2026-04-08 09:29:50+00:00,1,1,0.716449,0.283551,1
31,W0265,2026-04-08 09:30:20+00:00,1,1,0.978618,0.021382,1
31,W0266,2026-04-08 09:30:50+00:00,1,1,0.642277,0.357723,1
31,W0267,2026-04-08 09:31:20+00:00,1,0,0.495823,0.504177,1
31,W0268,2026-04-08 09:31:50+00:00,1,0,0.469202,0.530798,1
31,W0269,2026-04-08 09:32:20+00:00,1,0,0.417245,0.582755,1
31,W0270,2026-04-08 09:32:50+00:00,1,0,0.428983,0.571017,1
31,W0271,2026-04-08 09:33:20+00:00,1,0,0.453496,0.546504,1
31,W0272,2026-04-08 09:33:50+00:00,1,1,0.580827,0.419173,1
31,W0273,2026-04-08 09:34:20+00:00,1,1,0.662155,0.337845,1
31,W0274,2026-04-08 09:34:50+00:00,1,1,0.771586,0.228414,1
31,W0275,2026-04-08 09:35:20+00:00,1,1,0.938516,0.061484,1
31,W0276,2026-04-08 09:35:50+00:00,1,1,0.998028,0.001972,1
31,W0277,2026-04-08 09:36:20+00:00,1,1,0.996057,0.003943,1
31,W0278,2026-04-08 09:36:50+00:00,1,1,0.982402,0.017598,1
31,W0279,2026-04-08 09:37:20+00:00,1,1,0.969069,0.030931,1
31,W0280,2026-04-08 09:37:50+00:00,1,1,0.976768,0.023232,1
31,W0281,2026-04-08 09:38:20+00:00,1,1,0.959169,0.040831,1
31,W0282,2026-04-08 09:38:50+00:00,1,1,0.975942,0.024058,1
31,W0283,2026-04-08 09:39:20+00:00,1,1,0.988524,0.011476,1
31,W0284,2026-04-08 09:39:50+00:00,1,1,0.981792,0.018208,1
31,W0285,2026-04-08 09:40:20+00:00,1,1,0.987925,0.012075,1
31,W0286,2026-04-08 09:40:50+00:00,1,1,1.000000,0.000000,1
31,W0287,2026-04-08 09:41:20+00:00,1,1,0.999114,0.000886,1
31,W0288,2026-04-08 09:41:50+00:00,1,1,0.993268,0.006732,1
32,W0289,2026-04-08 09:44:20+00:00,1,1,0.994655,0.005345,2
32,W0290,2026-04-08 09:44:50+00:00,1,1,0.989816,0.010184,2
32,W0291,2026-04-08 09:45:20+00:00,1,1,0.997744,0.002256,2
32,W0292,2026-04-08 09:45:50+00:00,1,1,0.997016,0.002984,2
32,W0293,2026-04-08 09:46:20+00:00,1,1,0.984653,0.015347,2
32,W0294,2026-04-08 09:46:50+00:00,1,1,0.975851,0.024149,2
32,W0295,2026-04-08 09:47:20+00:00,1,1,0.964688,0.035312,2
32,W0296,2026-04-08 09:47:50+00:00,1,1,0.963676,0.036324,2
32,W0297,2026-04-08 09:48:20+00:00,1,1,0.986815,0.013185,2
32,W0298,2026-04-08 09:48:50+00:00,1,1,0.976927,0.023073,2
32,W0299,2026-04-08 09:49:20+00:00,1,1,0.994724,0.005276,2
32,W0300,2026-04-08 09:49:50+00:00,1,1,0.939452,0.060548,2
32,W0301,2026-04-08 09:50:20+00:00,1,1,0.972947,0.027053,2
32,W0302,2026-04-08 09:50:50+00:00,1,1,0.989354,0.010646,2
32,W0303,2026-04-08 09:51:20+00:00,1,1,0.994410,0.005590,2
32,W0304,2026-04-08 09:51:50+00:00,1,1,0.988013,0.011987,2
32,W0305,2026-04-08 09:52:20+00:00,1,1,0.992835,0.007165,2
32,W0306,2026-04-08 09:52:50+00:00,1,1,0.986697,0.013303,2
32,W0307,2026-04-08 09:53:20+00:00,1,1,0.978382,0.021618,2
32,W0308,2026-04-08 09:53:50+00:00,1,1,1.000000,0.000000,2
32,W0309,2026-04-08 09:54:20+00:00,1,1,0.987658,0.012342,2
32,W0310,2026-04-08 09:54:50+00:00,1,1,0.990840,0.009160,2
32,W0311,2026-04-08 09:55:20+00:00,1,1,0.979028,0.020972,2
32,W0312,2026-04-08 09:55:50+00:00,1,1,0.983462,0.016538,2
32,W0313,2026-04-08 09:56:20+00:00,1,1,0.978955,0.021045,2
32,W0314,2026-04-08 09:56:50+00:00,1,1,0.988953,0.011047,2
32,W0315,2026-04-08 09:57:20+00:00,1,1,0.993149,0.006851,2
32,W0316,2026-04-08 09:57:50+00:00,1,1,0.990019,0.009981,2
32,W0317,2026-04-08 09:58:20+00:00,1,1,0.976495,0.023505,2
32,W0318,2026-04-08 09:58:50+00:00,1,1,0.990332,0.009668,2
32,W0319,2026-04-08 09:59:20+00:00,1,1,0.985072,0.014928,2
32,W0320,2026-04-08 09:59:50+00:00,1,1,0.997259,0.002741,2
32,W0321,2026-04-08 10:00:20+00:00,1,1,0.998630,0.001370,2
32,W0322,2026-04-08 10:00:50+00:00,1,1,0.995939,0.004061,2
32,W0323,2026-04-08 10:01:20+00:00,1,1,0.996116,0.003884,2
32,W0324,2026-04-08 10:01:50+00:00,1,1,0.996116,0.003884,2
32,W0325,2026-04-08 10:02:20+00:00,1,1,0.995629,0.004371,2
32,W0326,2026-04-08 10:02:50+00:00,1,1,1.000000,0.000000,2
32,W0327,2026-04-08 10:03:20+00:00,1,1,0.996116,0.003884,2
32,W0328,2026-04-08 10:03:50+00:00,1,1,0.992390,0.007610,2
32,W0329,2026-04-08 10:04:20+00:00,1,1,0.997173,0.002827,2
32,W0330,2026-04-08 10:04:50+00:00,1,1,1.000000,0.000000,2
34,W0331,2026-04-08 10:11:00+00:00,1,1,0.997281,0.002719,3
34,W0332,2026-04-08 10:11:30+00:00,1,1,1.000000,0.000000,3
34,W0333,2026-04-08 10:12:00+00:00,1,1,0.952303,0.047697,3
34,W0334,2026-04-08 10:12:30+00:00,1,1,0.813124,0.186876,3
34,W0335,2026-04-08 10:13:00+00:00,1,1,0.997511,0.002489,3
34,W0336,2026-04-08 10:13:30+00:00,1,1,0.987965,0.012035,3
34,W0337,2026-04-08 10:14:00+00:00,1,1,0.982371,0.017629,3
34,W0338,2026-04-08 10:14:30+00:00,1,1,0.996915,0.003085,3
34,W0339,2026-04-08 10:15:00+00:00,1,1,0.998901,0.001099,3
34,W0340,2026-04-08 10:15:30+00:00,1,1,0.997281,0.002719,3
34,W0341,2026-04-08 10:16:00+00:00,1,1,1.000000,0.000000,3
34,W0342,2026-04-08 10:16:30+00:00,1,1,1.000000,0.000000,3
34,W0343,2026-04-08 10:17:00+00:00,1,1,1.000000,0.000000,3
34,W0344,2026-04-08 10:17:30+00:00,1,1,1.000000,0.000000,3
34,W0345,2026-04-08 10:18:00+00:00,1,1,1.000000,0.000000,3
34,W0346,2026-04-08 10:18:30+00:00,1,1,1.000000,0.000000,3
34,W0347,2026-04-08 10:19:00+00:00,1,1,1.000000,0.000000,3
34,W0348,2026-04-08 10:19:30+00:00,1,1,0.924953,0.075047,3
34,W0349,2026-04-08 10:20:00+00:00,1,1,0.982737,0.017263,3
34,W0350,2026-04-08 10:20:30+00:00,1,1,0.943122,0.056878,3
34,W0351,2026-04-08 10:21:00+00:00,1,1,0.974414,0.025586,3
34,W0352,2026-04-08 10:21:30+00:00,1,1,1.000000,0.000000,3
34,W0353,2026-04-08 10:22:00+00:00,0,0,0.269359,0.730641,3
34,W0354,2026-04-08 10:22:30+00:00,0,0,0.201653,0.798347,3
34,W0355,2026-04-08 10:23:00+00:00,0,0,0.160742,0.839258,3
34,W0356,2026-04-08 10:23:30+00:00,1,0,0.026742,0.973258,3
34,W0357,2026-04-08 10:24:00+00:00,0,0,0.110536,0.889464,3
34,W0358,2026-04-08 10:24:30+00:00,1,0,0.300775,0.699225,3
34,W0359,2026-04-08 10:25:00+00:00,1,0,0.062520,0.937480,3
34,W0360,2026-04-08 10:25:30+00:00,1,1,0.843501,0.156499,3
34,W0361,2026-04-08 10:26:00+00:00,1,1,0.857145,0.142855,3
34,W0362,2026-04-08 10:26:30+00:00,1,1,1.000000,0.000000,3
34,W0363,2026-04-08 10:27:00+00:00,1,1,0.964687,0.035313,3
34,W0364,2026-04-08 10:27:30+00:00,0,1,0.997281,0.002719,3
34,W0365,2026-04-08 10:28:00+00:00,0,1,0.872646,0.127354,3
34,W0366,2026-04-08 10:28:30+00:00,0,0,0.067582,0.932418,3
34,W0367,2026-04-08 10:29:00+00:00,0,0,0.018071,0.981929,3
34,W0368,2026-04-08 10:29:30+00:00,0,0,0.026334,0.973666,3
34,W0369,2026-04-08 10:30:00+00:00,0,0,0.057024,0.942976,3
34,W0370,2026-04-08 10:30:30+00:00,0,0,0.064398,0.935602,3
34,W0371,2026-04-08 10:31:00+00:00,0,0,0.052871,0.947129,3
34,W0372,2026-04-08 10:31:30+00:00,0,0,0.050177,0.949823,3
34,W0373,2026-04-08 10:32:00+00:00,0,0,0.033562,0.966438,3
34,W0374,2026-04-08 10:32:30+00:00,0,0,0.041072,0.958928,3
34,W0375,2026-04-08 10:33:00+00:00,0,0,0.033766,0.966234,3
34,W0376,2026-04-08 10:33:30+00:00,0,0,0.021610,0.978390,3
34,W0377,2026-04-08 10:34:00+00:00,0,0,0.027791,0.972209,3
34,W0378,2026-04-08 10:34:30+00:00,0,0,0.018344,0.981656,3
34,W0379,2026-04-08 10:35:00+00:00,0,0,0.034065,0.965935,3
34,W0380,2026-04-08 10:35:30+00:00,0,0,0.031620,0.968380,3
34,W0381,2026-04-08 10:36:00+00:00,0,0,0.031620,0.968380,3
39,W0382,2026-04-09 13:06:20+00:00,0,0,0.133823,0.866177,4
39,W0383,2026-04-09 13:06:50+00:00,0,0,0.039186,0.960814,4
39,W0384,2026-04-09 13:07:20+00:00,0,0,0.026301,0.973699,4
39,W0385,2026-04-09 13:07:50+00:00,0,0,0.039200,0.960800,4
39,W0386,2026-04-09 13:08:20+00:00,0,0,0.084426,0.915574,4
39,W0387,2026-04-09 13:08:50+00:00,0,0,0.208745,0.791255,4
39,W0388,2026-04-09 13:09:20+00:00,0,0,0.346506,0.653494,4
39,W0389,2026-04-09 13:09:50+00:00,0,0,0.429785,0.570215,4
39,W0390,2026-04-09 13:10:20+00:00,0,0,0.451203,0.548797,4
39,W0391,2026-04-09 13:10:50+00:00,0,0,0.413348,0.586652,4
39,W0392,2026-04-09 13:11:20+00:00,0,0,0.392690,0.607310,4
39,W0393,2026-04-09 13:11:50+00:00,0,0,0.425622,0.574378,4
39,W0394,2026-04-09 13:12:20+00:00,0,0,0.438068,0.561932,4
39,W0395,2026-04-09 13:12:50+00:00,0,0,0.489896,0.510104,4
39,W0396,2026-04-09 13:13:20+00:00,0,1,0.565827,0.434173,4
39,W0397,2026-04-09 13:13:50+00:00,0,1,0.572295,0.427705,4
39,W0398,2026-04-09 13:14:20+00:00,0,1,0.530245,0.469755,4
39,W0399,2026-04-09 13:14:50+00:00,0,1,0.569315,0.430685,4
39,W0400,2026-04-09 13:15:20+00:00,0,1,0.586994,0.413006,4
39,W0401,2026-04-09 13:15:50+00:00,0,1,0.619983,0.380017,4
39,W0402,2026-04-09 13:16:20+00:00,0,1,0.631767,0.368233,4
39,W0403,2026-04-09 13:16:50+00:00,0,1,0.645283,0.354717,4
39,W0404,2026-04-09 13:17:20+00:00,0,1,0.621959,0.378041,4
39,W0405,2026-04-09 13:17:50+00:00,0,1,0.611474,0.388526,4
39,W0406,2026-04-09 13:18:20+00:00,0,1,0.628279,0.371721,4
39,W0407,2026-04-09 13:18:50+00:00,0,1,0.615702,0.384298,4
39,W0408,2026-04-09 13:19:20+00:00,0,1,0.632065,0.367935,4
39,W0409,2026-04-09 13:19:50+00:00,0,1,0.621379,0.378621,4
39,W0410,2026-04-09 13:20:20+00:00,0,1,0.618588,0.381412,4
39,W0411,2026-04-09 13:20:50+00:00,0,1,0.581136,0.418864,4
39,W0412,2026-04-09 13:21:20+00:00,0,1,0.584643,0.415357,4
39,W0413,2026-04-09 13:21:50+00:00,0,1,0.602939,0.397061,4
39,W0414,2026-04-09 13:22:20+00:00,0,1,0.627122,0.372878,4
39,W0415,2026-04-09 13:22:50+00:00,0,1,0.621845,0.378155,4
39,W0416,2026-04-09 13:23:20+00:00,0,1,0.574852,0.425148,4
39,W0417,2026-04-09 13:23:50+00:00,0,1,0.587270,0.412730,4
39,W0418,2026-04-09 13:24:20+00:00,0,1,0.522914,0.477086,4
39,W0419,2026-04-09 13:24:50+00:00,0,1,0.504753,0.495247,4
39,W0420,2026-04-09 13:25:20+00:00,0,0,0.499619,0.500381,4
39,W0421,2026-04-09 13:25:50+00:00,0,0,0.495078,0.504922,4
39,W0422,2026-04-09 13:26:20+00:00,0,0,0.469980,0.530020,4
39,W0423,2026-04-09 13:26:50+00:00,1,0,0.474482,0.525518,4
39,W0424,2026-04-09 13:27:20+00:00,1,1,0.525984,0.474016,4
39,W0425,2026-04-09 13:27:50+00:00,1,0,0.472414,0.527586,4
39,W0426,2026-04-09 13:28:20+00:00,1,1,0.578263,0.421737,4
39,W0427,2026-04-09 13:28:50+00:00,1,1,0.654707,0.345293,4
39,W0428,2026-04-09 13:29:20+00:00,1,1,0.906559,0.093441,4
39,W0429,2026-04-09 13:29:50+00:00,1,1,0.837920,0.162080,4
39,W0430,2026-04-09 13:30:20+00:00,0,1,0.743104,0.256896,4
39,W0431,2026-04-09 13:30:50+00:00,0,1,0.667928,0.332072,4
39,W0432,2026-04-09 13:31:20+00:00,0,0,0.228972,0.771028,4
39,W0433,2026-04-09 13:31:50+00:00,0,0,0.208129,0.791871,4
39,W0434,2026-04-09 13:32:20+00:00,0,0,0.367779,0.632221,4
39,W0435,2026-04-09 13:32:50+00:00,0,0,0.489052,0.510948,4
39,W0436,2026-04-09 13:33:20+00:00,0,1,0.551449,0.448551,4
39,W0437,2026-04-09 13:33:50+00:00,0,1,0.592206,0.407794,4
39,W0438,2026-04-09 13:34:20+00:00,0,1,0.508862,0.491138,4
39,W0439,2026-04-09 13:34:50+00:00,0,0,0.483818,0.516182,4
39,W0440,2026-04-09 13:35:20+00:00,0,0,0.490099,0.509901,4
39,W0441,2026-04-09 13:35:50+00:00,0,0,0.468716,0.531284,4
39,W0442,2026-04-09 13:36:20+00:00,0,0,0.442949,0.557051,4
39,W0443,2026-04-09 13:36:50+00:00,0,1,0.556242,0.443758,4
39,W0444,2026-04-09 13:37:20+00:00,0,1,0.631217,0.368783,4
39,W0445,2026-04-09 13:37:50+00:00,0,1,0.636036,0.363964,4
39,W0446,2026-04-09 13:38:20+00:00,0,1,0.698607,0.301393,4
39,W0447,2026-04-09 13:38:50+00:00,0,1,0.701902,0.298098,4
39,W0448,2026-04-09 13:39:20+00:00,0,1,0.679555,0.320445,4
39,W0449,2026-04-09 13:39:50+00:00,0,1,0.670602,0.329398,4
39,W0450,2026-04-09 13:40:20+00:00,0,1,0.674787,0.325213,4
39,W0451,2026-04-09 13:40:50+00:00,0,1,0.655155,0.344845,4
39,W0452,2026-04-09 13:41:20+00:00,0,1,0.615694,0.384306,4
39,W0453,2026-04-09 13:41:50+00:00,1,1,0.556296,0.443704,4
39,W0454,2026-04-09 13:42:20+00:00,1,1,0.571407,0.428593,4
39,W0455,2026-04-09 13:42:50+00:00,0,1,0.787931,0.212069,4
39,W0456,2026-04-09 13:43:20+00:00,0,1,0.897529,0.102471,4
39,W0457,2026-04-09 13:43:50+00:00,0,0,0.265561,0.734439,4
39,W0458,2026-04-09 13:44:20+00:00,0,0,0.148131,0.851869,4
39,W0459,2026-04-09 13:44:50+00:00,0,0,0.147283,0.852717,4
39,W0460,2026-04-09 13:45:20+00:00,0,0,0.197183,0.802817,4
39,W0461,2026-04-09 13:45:50+00:00,0,0,0.201803,0.798197,4
39,W0462,2026-04-09 13:46:20+00:00,0,0,0.183683,0.816317,4
39,W0463,2026-04-09 13:46:50+00:00,0,0,0.136636,0.863364,4
39,W0464,2026-04-09 13:47:20+00:00,0,0,0.088569,0.911431,4
39,W0465,2026-04-09 13:47:50+00:00,0,0,0.091139,0.908861,4
39,W0466,2026-04-09 13:48:20+00:00,0,0,0.070177,0.929823,4
39,W0467,2026-04-09 13:48:50+00:00,0,0,0.092228,0.907772,4
39,W0468,2026-04-09 13:49:20+00:00,1,0,0.176809,0.823191,4
39,W0469,2026-04-09 13:49:50+00:00,1,1,0.532982,0.467018,4
39,W0470,2026-04-09 13:50:20+00:00,1,1,0.764139,0.235861,4
39,W0471,2026-04-09 13:50:50+00:00,1,1,0.804395,0.195605,4
39,W0472,2026-04-09 13:51:20+00:00,1,1,0.866907,0.133093,4
39,W0473,2026-04-09 13:51:50+00:00,1,1,0.732021,0.267979,4
39,W0474,2026-04-09 13:52:20+00:00,1,1,0.655737,0.344263,4
39,W0475,2026-04-09 13:52:50+00:00,1,1,0.737149,0.262851,4
39,W0476,2026-04-09 13:53:20+00:00,1,1,0.864127,0.135873,4
39,W0477,2026-04-09 13:53:50+00:00,1,1,0.874807,0.125193,4
39,W0478,2026-04-09 13:54:20+00:00,1,1,0.957820,0.042180,4
39,W0479,2026-04-09 13:54:50+00:00,1,1,0.905945,0.094055,4
39,W0480,2026-04-09 13:55:20+00:00,1,1,0.848124,0.151876,4
39,W0481,2026-04-09 13:55:50+00:00,1,1,0.809200,0.190800,4
39,W0482,2026-04-09 13:56:20+00:00,1,1,0.843636,0.156364,4
39,W0483,2026-04-09 13:56:50+00:00,1,1,0.829128,0.170872,4
39,W0484,2026-04-09 13:57:20+00:00,0,1,0.877910,0.122090,4
39,W0485,2026-04-09 13:57:50+00:00,0,1,0.697603,0.302397,4
39,W0486,2026-04-09 13:58:20+00:00,0,1,0.591709,0.408291,4
39,W0487,2026-04-09 13:58:50+00:00,0,0,0.391924,0.608076,4
39,W0488,2026-04-09 13:59:20+00:00,0,1,0.500917,0.499083,4
39,W0489,2026-04-09 13:59:50+00:00,0,1,0.514533,0.485467,4
39,W0490,2026-04-09 14:00:20+00:00,0,1,0.558811,0.441189,4
39,W0491,2026-04-09 14:00:50+00:00,0,0,0.488549,0.511451,4
39,W0492,2026-04-09 14:01:20+00:00,0,0,0.106103,0.893897,4
39,W0493,2026-04-09 14:01:50+00:00,0,0,0.133463,0.866537,4
39,W0494,2026-04-09 14:02:20+00:00,0,0,0.067412,0.932588,4
39,W0495,2026-04-09 14:02:50+00:00,0,0,0.067651,0.932349,4
39,W0496,2026-04-09 14:03:20+00:00,1,0,0.072227,0.927773,4
40,W0497,2026-04-09 14:11:40+00:00,0,0,0.013485,0.986515,5
40,W0498,2026-04-09 14:12:10+00:00,0,0,0.001911,0.998089,5
40,W0499,2026-04-09 14:12:40+00:00,0,0,0.001911,0.998089,5
40,W0500,2026-04-09 14:13:10+00:00,0,0,0.002228,0.997772,5
40,W0501,2026-04-09 14:13:40+00:00,0,0,0.007390,0.992610,5
40,W0502,2026-04-09 14:14:10+00:00,0,0,0.000000,1.000000,5
40,W0503,2026-04-09 14:14:40+00:00,0,0,0.058831,0.941169,5
40,W0504,2026-04-09 14:15:10+00:00,0,0,0.016768,0.983232,5
40,W0505,2026-04-09 14:15:40+00:00,0,0,0.007924,0.992076,5
40,W0506,2026-04-09 14:16:10+00:00,0,0,0.031709,0.968291,5
40,W0507,2026-04-09 14:16:40+00:00,0,0,0.009714,0.990286,5
40,W0508,2026-04-09 14:17:10+00:00,0,0,0.029389,0.970611,5
40,W0509,2026-04-09 14:17:40+00:00,0,0,0.007511,0.992489,5
40,W0510,2026-04-09 14:18:10+00:00,0,0,0.006171,0.993829,5
40,W0511,2026-04-09 14:18:40+00:00,0,0,0.002228,0.997772,5
40,W0512,2026-04-09 14:19:10+00:00,0,0,0.008083,0.991917,5
40,W0513,2026-04-09 14:19:40+00:00,0,0,0.026551,0.973449,5
40,W0514,2026-04-09 14:20:10+00:00,0,0,0.002228,0.997772,5
40,W0515,2026-04-09 14:20:40+00:00,0,0,0.005587,0.994413,5
40,W0516,2026-04-09 14:21:10+00:00,0,0,0.013962,0.986038,5
40,W0517,2026-04-09 14:21:40+00:00,0,0,0.000000,1.000000,5
40,W0518,2026-04-09 14:22:10+00:00,0,0,0.002749,0.997251,5
40,W0519,2026-04-09 14:22:40+00:00,0,0,0.013435,0.986565,5
40,W0520,2026-04-09 14:23:10+00:00,0,0,0.010686,0.989314,5
40,W0521,2026-04-09 14:23:40+00:00,0,0,0.019949,0.980051,5
40,W0522,2026-04-09 14:24:10+00:00,1,0,0.141583,0.858417,5
40,W0523,2026-04-09 14:24:40+00:00,1,0,0.316039,0.683961,5
40,W0524,2026-04-09 14:25:10+00:00,1,0,0.478276,0.521724,5
40,W0525,2026-04-09 14:25:40+00:00,1,1,0.644599,0.355401,5
40,W0526,2026-04-09 14:26:10+00:00,1,1,0.738512,0.261488,5
40,W0527,2026-04-09 14:26:40+00:00,1,0,0.491750,0.508250,5
40,W0528,2026-04-09 14:27:10+00:00,1,1,0.632537,0.367463,5
40,W0529,2026-04-09 14:27:40+00:00,1,1,0.676007,0.323993,5
40,W0530,2026-04-09 14:28:10+00:00,1,1,0.867663,0.132337,5
40,W0531,2026-04-09 14:28:40+00:00,1,1,0.882039,0.117961,5
40,W0532,2026-04-09 14:29:10+00:00,1,1,0.926457,0.073543,5
40,W0533,2026-04-09 14:29:40+00:00,1,1,0.944461,0.055539,5
40,W0534,2026-04-09 14:30:10+00:00,1,1,0.993710,0.006290,5
40,W0535,2026-04-09 14:30:40+00:00,1,1,0.976561,0.023439,5
40,W0536,2026-04-09 14:31:10+00:00,1,1,0.986031,0.013969,5
40,W0537,2026-04-09 14:31:40+00:00,1,1,0.997505,0.002495,5
40,W0538,2026-04-09 14:32:10+00:00,1,1,0.988845,0.011155,5
40,W0539,2026-04-09 14:32:40+00:00,1,1,0.985695,0.014305,5
40,W0540,2026-04-09 14:33:10+00:00,1,1,0.997505,0.002495,5
40,W0541,2026-04-09 14:33:40+00:00,1,1,0.987759,0.012241,5
40,W0542,2026-04-09 14:34:10+00:00,1,1,0.994089,0.005911,5
40,W0543,2026-04-09 14:34:40+00:00,1,1,0.997505,0.002495,5
40,W0544,2026-04-09 14:35:10+00:00,1,1,0.998006,0.001994,5
40,W0545,2026-04-09 14:35:40+00:00,1,1,0.992178,0.007822,5
40,W0546,2026-04-09 14:36:10+00:00,1,1,0.981207,0.018793,5
40,W0547,2026-04-09 14:36:40+00:00,1,1,0.996400,0.003600,5
42,W0548,2026-04-09 14:54:30+00:00,1,1,0.998045,0.001955,6
42,W0549,2026-04-09 14:55:00+00:00,1,1,1.000000,0.000000,6
42,W0550,2026-04-09 14:55:30+00:00,1,1,0.984802,0.015198,6
42,W0551,2026-04-09 14:56:00+00:00,1,1,0.985235,0.014765,6
42,W0552,2026-04-09 14:56:30+00:00,1,1,0.991670,0.008330,6
42,W0553,2026-04-09 14:57:00+00:00,1,1,0.996326,0.003674,6
42,W0554,2026-04-09 14:57:30+00:00,1,1,0.996326,0.003674,6
42,W0555,2026-04-09 14:58:00+00:00,1,1,1.000000,0.000000,6
42,W0556,2026-04-09 14:58:30+00:00,1,1,0.993687,0.006313,6
42,W0557,2026-04-09 14:59:00+00:00,1,1,0.991136,0.008864,6
42,W0558,2026-04-09 14:59:30+00:00,1,1,0.991136,0.008864,6
42,W0559,2026-04-09 15:00:00+00:00,1,1,0.991136,0.008864,6
42,W0560,2026-04-09 15:00:30+00:00,1,1,0.936898,0.063102,6
42,W0561,2026-04-09 15:01:00+00:00,1,0,0.355241,0.644759,6
42,W0562,2026-04-09 15:01:30+00:00,1,0,0.299915,0.700085,6
42,W0563,2026-04-09 15:02:00+00:00,1,0,0.360810,0.639190,6
42,W0564,2026-04-09 15:02:30+00:00,1,0,0.452153,0.547847,6
42,W0565,2026-04-09 15:03:00+00:00,1,1,0.582223,0.417777,6
42,W0566,2026-04-09 15:03:30+00:00,1,1,0.873467,0.126533,6
42,W0567,2026-04-09 15:04:00+00:00,1,1,0.950553,0.049447,6
42,W0568,2026-04-09 15:04:30+00:00,1,1,0.958750,0.041250,6
42,W0569,2026-04-09 15:05:00+00:00,1,1,0.994706,0.005294,6
42,W0570,2026-04-09 15:05:30+00:00,1,1,0.991732,0.008268,6
42,W0571,2026-04-09 15:06:00+00:00,1,1,0.996662,0.003338,6
42,W0572,2026-04-09 15:06:30+00:00,1,1,0.998045,0.001955,6
42,W0573,2026-04-09 15:07:00+00:00,1,1,0.996090,0.003910,6
42,W0574,2026-04-09 15:07:30+00:00,1,1,0.939507,0.060493,6
42,W0575,2026-04-09 15:08:00+00:00,1,1,0.989363,0.010637,6
42,W0576,2026-04-09 15:08:30+00:00,1,1,0.993333,0.006667,6
46,W0577,2026-04-09 15:30:30+00:00,1,1,1.000000,0.000000,7
46,W0578,2026-04-09 15:31:00+00:00,1,1,0.984538,0.015462,7
46,W0579,2026-04-09 15:31:30+00:00,1,1,0.974797,0.025203,7
46,W0580,2026-04-09 15:32:00+00:00,1,1,0.913956,0.086044,7
46,W0581,2026-04-09 15:32:30+00:00,1,1,0.978601,0.021399,7
46,W0582,2026-04-09 15:33:00+00:00,1,1,0.979327,0.020673,7
46,W0583,2026-04-09 15:33:30+00:00,1,1,0.982308,0.017692,7
46,W0584,2026-04-09 15:34:00+00:00,1,1,0.991208,0.008792,7
46,W0585,2026-04-09 15:34:30+00:00,1,1,0.997542,0.002458,7
46,W0586,2026-04-09 15:35:00+00:00,1,1,0.983192,0.016808,7
46,W0587,2026-04-09 15:35:30+00:00,1,1,1.000000,0.000000,7
46,W0588,2026-04-09 15:36:00+00:00,1,1,0.996679,0.003321,7
46,W0589,2026-04-09 15:36:30+00:00,1,1,0.972599,0.027401,7
46,W0590,2026-04-09 15:37:00+00:00,1,1,1.000000,0.000000,7
46,W0591,2026-04-09 15:37:30+00:00,1,1,0.998054,0.001946,7
46,W0592,2026-04-09 15:38:00+00:00,1,1,0.989805,0.010195,7
46,W0593,2026-04-09 15:38:30+00:00,1,1,0.997542,0.002458,7
46,W0594,2026-04-09 15:39:00+00:00,1,1,0.984827,0.015173,7
46,W0595,2026-04-09 15:39:30+00:00,1,1,0.978013,0.021987,7
46,W0596,2026-04-09 15:40:00+00:00,1,1,0.995596,0.004404,7
46,W0597,2026-04-09 15:40:30+00:00,1,1,0.996667,0.003333,7
46,W0598,2026-04-09 15:41:00+00:00,1,1,0.987859,0.012141,7
46,W0599,2026-04-09 15:41:30+00:00,1,1,0.966189,0.033811,7
46,W0600,2026-04-09 15:42:00+00:00,1,1,0.853327,0.146673,7
46,W0601,2026-04-09 15:42:30+00:00,1,1,0.828201,0.171799,7
46,W0602,2026-04-09 15:43:00+00:00,1,1,0.755800,0.244200,7
46,W0603,2026-04-09 15:43:30+00:00,1,1,0.793494,0.206506,7
46,W0604,2026-04-09 15:44:00+00:00,1,1,0.808675,0.191325,7
46,W0605,2026-04-09 15:44:30+00:00,1,1,0.860015,0.139985,7
46,W0606,2026-04-09 15:45:00+00:00,1,1,0.905295,0.094705,7
46,W0607,2026-04-09 15:45:30+00:00,1,1,0.931332,0.068668,7
46,W0608,2026-04-09 15:46:00+00:00,0,1,0.979839,0.020161,7
46,W0609,2026-04-09 15:46:30+00:00,0,1,0.550257,0.449743,7
46,W0610,2026-04-09 15:47:00+00:00,0,0,0.234579,0.765421,7
46,W0611,2026-04-09 15:47:30+00:00,0,0,0.229548,0.770452,7
46,W0612,2026-04-09 15:48:00+00:00,0,0,0.323556,0.676444,7
46,W0613,2026-04-09 15:48:30+00:00,1,0,0.462364,0.537636,7
46,W0614,2026-04-09 15:49:00+00:00,1,1,0.582632,0.417368,7
46,W0615,2026-04-09 15:49:30+00:00,1,1,0.620859,0.379141,7
46,W0616,2026-04-09 15:50:00+00:00,1,1,0.802120,0.197880,7
46,W0617,2026-04-09 15:50:30+00:00,1,1,0.969036,0.030964,7
46,W0618,2026-04-09 15:51:00+00:00,1,1,0.962182,0.037818,7
46,W0619,2026-04-09 15:51:30+00:00,1,1,0.960748,0.039252,7
46,W0620,2026-04-09 15:52:00+00:00,1,1,0.913021,0.086979,7
46,W0621,2026-04-09 15:52:30+00:00,1,1,0.799676,0.200324,7
46,W0622,2026-04-09 15:53:00+00:00,1,1,0.787543,0.212457,7
46,W0623,2026-04-09 15:53:30+00:00,1,1,0.794811,0.205189,7
46,W0624,2026-04-09 15:54:00+00:00,1,1,0.837049,0.162951,7
46,W0625,2026-04-09 15:54:30+00:00,1,1,0.870703,0.129297,7
46,W0626,2026-04-09 15:55:00+00:00,1,1,0.889020,0.110980,7
