model,augmentation,fold_id,test_run_id,n_train_windows,n_train_real,n_train_synthetic,number_of_test_windows,test_pct_stable,test_single_class,macro_f1,stable_f1,unstable_f1,unstable_precision,unstable_recall,accuracy,balanced_accuracy,roc_auc,tp_unstable_detected,fn_unstable_missed,fp_false_alarm,tn_stable_ok
LogisticRegression,none,0,1,377,377,0,250,89.600000,False,0.828297,0.964286,0.692308,0.692308,0.692308,0.936000,0.828297,0.800481,18,8,8,216
SVM_RBF,none,0,1,377,377,0,250,89.600000,False,0.779008,0.947846,0.610169,0.545455,0.692308,0.908000,0.812672,0.862466,18,8,15,209
RandomForest,none,0,1,377,377,0,250,89.600000,False,0.861726,0.973451,0.750000,0.818182,0.692308,0.952000,0.837225,0.901614,18,8,4,220
XGBoost,none,0,1,377,377,0,250,89.600000,False,0.866667,0.973333,0.760000,0.791667,0.730769,0.952000,0.854224,0.896806,19,7,5,219
MLP_NeuralNet,none,0,1,377,377,0,250,89.600000,False,0.870837,0.975717,0.765957,0.857143,0.692308,0.956000,0.839457,0.924107,18,8,3,221
LogisticRegression,pooled_global,0,1,1177,377,800,250,89.600000,False,0.875560,0.975610,0.775510,0.826087,0.730769,0.956000,0.856456,0.942308,19,7,4,220
SVM_RBF,pooled_global,0,1,1177,377,800,250,89.600000,False,0.888889,0.977778,0.800000,0.833333,0.769231,0.960000,0.875687,0.931319,20,6,4,220
RandomForest,pooled_global,0,1,1177,377,800,250,89.600000,False,0.875560,0.975610,0.775510,0.826087,0.730769,0.956000,0.856456,0.937586,19,7,4,220
XGBoost,pooled_global,0,1,1177,377,800,250,89.600000,False,0.870837,0.975717,0.765957,0.857143,0.692308,0.956000,0.839457,0.932349,18,8,3,221
MLP_NeuralNet,pooled_global,0,1,1177,377,800,250,89.600000,False,0.861726,0.973451,0.750000,0.818182,0.692308,0.952000,0.837225,0.924622,18,8,4,220
LogisticRegression,fold_aware,0,1,1177,377,800,250,89.600000,False,0.879907,0.975501,0.784314,0.800000,0.769231,0.956000,0.873455,0.918784,20,6,5,219
SVM_RBF,fold_aware,0,1,1177,377,800,250,89.600000,False,0.824466,0.959276,0.689655,0.625000,0.769231,0.928000,0.857830,0.888565,20,6,12,212
RandomForest,fold_aware,0,1,1177,377,800,250,89.600000,False,0.861726,0.973451,0.750000,0.818182,0.692308,0.952000,0.837225,0.898609,18,8,4,220
XGBoost,fold_aware,0,1,1177,377,800,250,89.600000,False,0.805924,0.957303,0.654545,0.620690,0.692308,0.924000,0.821600,0.903331,18,8,11,213
MLP_NeuralNet,fold_aware,0,1,1177,377,800,250,89.600000,False,0.700654,0.907801,0.493506,0.372549,0.730769,0.844000,0.793956,0.818853,19,7,32,192
LogisticRegression,none,1,31,588,588,0,39,71.790000,False,0.939815,0.962963,0.916667,0.846154,1.000000,0.948718,0.964286,1.000000,11,0,2,26
SVM_RBF,none,1,31,588,588,0,39,71.790000,False,1.000000,1.000000,1.000000,1.000000,1.000000,1.000000,1.000000,1.000000,11,0,0,28
RandomForest,none,1,31,588,588,0,39,71.790000,False,0.969170,0.981818,0.956522,0.916667,1.000000,0.974359,0.982143,1.000000,11,0,1,27
XGBoost,none,1,31,588,588,0,39,71.790000,False,0.939815,0.962963,0.916667,0.846154,1.000000,0.948718,0.964286,1.000000,11,0,2,26
MLP_NeuralNet,none,1,31,588,588,0,39,71.790000,False,1.000000,1.000000,1.000000,1.000000,1.000000,1.000000,1.000000,1.000000,11,0,0,28
LogisticRegression,pooled_global,1,31,1388,588,800,39,71.790000,False,0.969170,0.981818,0.956522,0.916667,1.000000,0.974359,0.982143,1.000000,11,0,1,27
SVM_RBF,pooled_global,1,31,1388,588,800,39,71.790000,False,0.969170,0.981818,0.956522,0.916667,1.000000,0.974359,0.982143,1.000000,11,0,1,27
RandomForest,pooled_global,1,31,1388,588,800,39,71.790000,False,1.000000,1.000000,1.000000,1.000000,1.000000,1.000000,1.000000,1.000000,11,0,0,28
XGBoost,pooled_global,1,31,1388,588,800,39,71.790000,False,1.000000,1.000000,1.000000,1.000000,1.000000,1.000000,1.000000,1.000000,11,0,0,28
MLP_NeuralNet,pooled_global,1,31,1388,588,800,39,71.790000,False,1.000000,1.000000,1.000000,1.000000,1.000000,1.000000,1.000000,1.000000,11,0,0,28
LogisticRegression,fold_aware,1,31,1388,588,800,39,71.790000,False,0.939815,0.962963,0.916667,0.846154,1.000000,0.948718,0.964286,1.000000,11,0,2,26
SVM_RBF,fold_aware,1,31,1388,588,800,39,71.790000,False,0.969170,0.981818,0.956522,0.916667,1.000000,0.974359,0.982143,1.000000,11,0,1,27
RandomForest,fold_aware,1,31,1388,588,800,39,71.790000,False,0.807882,0.857143,0.758621,0.611111,1.000000,0.820513,0.875000,1.000000,11,0,7,21
XGBoost,fold_aware,1,31,1388,588,800,39,71.790000,False,0.858388,0.901961,0.814815,0.687500,1.000000,0.871795,0.910714,1.000000,11,0,5,23
MLP_NeuralNet,fold_aware,1,31,1388,588,800,39,71.790000,False,0.939815,0.962963,0.916667,0.846154,1.000000,0.948718,0.964286,1.000000,11,0,2,26
LogisticRegression,none,2,32,585,585,0,42,100.000000,True,1.000000,1.000000,0.000000,0.000000,0.000000,1.000000,1.000000,,0,0,0,42
SVM_RBF,none,2,32,585,585,0,42,100.000000,True,1.000000,1.000000,0.000000,0.000000,0.000000,1.000000,1.000000,,0,0,0,42
RandomForest,none,2,32,585,585,0,42,100.000000,True,1.000000,1.000000,0.000000,0.000000,0.000000,1.000000,1.000000,,0,0,0,42
XGBoost,none,2,32,585,585,0,42,100.000000,True,1.000000,1.000000,0.000000,0.000000,0.000000,1.000000,1.000000,,0,0,0,42
MLP_NeuralNet,none,2,32,585,585,0,42,100.000000,True,1.000000,1.000000,0.000000,0.000000,0.000000,1.000000,1.000000,,0,0,0,42
LogisticRegression,pooled_global,2,32,1385,585,800,42,100.000000,True,1.000000,1.000000,0.000000,0.000000,0.000000,1.000000,1.000000,,0,0,0,42
SVM_RBF,pooled_global,2,32,1385,585,800,42,100.000000,True,1.000000,1.000000,0.000000,0.000000,0.000000,1.000000,1.000000,,0,0,0,42
RandomForest,pooled_global,2,32,1385,585,800,42,100.000000,True,1.000000,1.000000,0.000000,0.000000,0.000000,1.000000,1.000000,,0,0,0,42
XGBoost,pooled_global,2,32,1385,585,800,42,100.000000,True,1.000000,1.000000,0.000000,0.000000,0.000000,1.000000,1.000000,,0,0,0,42
MLP_NeuralNet,pooled_global,2,32,1385,585,800,42,100.000000,True,1.000000,1.000000,0.000000,0.000000,0.000000,1.000000,1.000000,,0,0,0,42
LogisticRegression,fold_aware,2,32,1385,585,800,42,100.000000,True,1.000000,1.000000,0.000000,0.000000,0.000000,1.000000,1.000000,,0,0,0,42
SVM_RBF,fold_aware,2,32,1385,585,800,42,100.000000,True,1.000000,1.000000,0.000000,0.000000,0.000000,1.000000,1.000000,,0,0,0,42
RandomForest,fold_aware,2,32,1385,585,800,42,100.000000,True,1.000000,1.000000,0.000000,0.000000,0.000000,1.000000,1.000000,,0,0,0,42
XGBoost,fold_aware,2,32,1385,585,800,42,100.000000,True,1.000000,1.000000,0.000000,0.000000,0.000000,1.000000,1.000000,,0,0,0,42
MLP_NeuralNet,fold_aware,2,32,1385,585,800,42,100.000000,True,1.000000,1.000000,0.000000,0.000000,0.000000,1.000000,1.000000,,0,0,0,42
LogisticRegression,none,3,34,576,576,0,51,56.860000,False,0.854701,0.888889,0.820513,0.941176,0.727273,0.862745,0.846395,0.979624,16,6,1,28
SVM_RBF,none,3,34,576,576,0,51,56.860000,False,0.854701,0.888889,0.820513,0.941176,0.727273,0.862745,0.846395,0.967085,16,6,1,28
RandomForest,none,3,34,576,576,0,51,56.860000,False,0.900585,0.912281,0.888889,0.869565,0.909091,0.901961,0.902821,0.915361,20,2,3,26
XGBoost,none,3,34,576,576,0,51,56.860000,False,0.920063,0.931034,0.909091,0.909091,0.909091,0.921569,0.920063,0.938871,20,2,2,27
MLP_NeuralNet,none,3,34,576,576,0,51,56.860000,False,0.854701,0.888889,0.820513,0.941176,0.727273,0.862745,0.846395,0.949843,16,6,1,28
LogisticRegression,pooled_global,3,34,1376,576,800,51,56.860000,False,0.854701,0.888889,0.820513,0.941176,0.727273,0.862745,0.846395,0.963950,16,6,1,28
SVM_RBF,pooled_global,3,34,1376,576,800,51,56.860000,False,0.854701,0.888889,0.820513,0.941176,0.727273,0.862745,0.846395,0.960815,16,6,1,28
RandomForest,pooled_global,3,34,1376,576,800,51,56.860000,False,0.920063,0.931034,0.909091,0.909091,0.909091,0.921569,0.920063,0.962382,20,2,2,27
XGBoost,pooled_global,3,34,1376,576,800,51,56.860000,False,0.899488,0.915254,0.883721,0.904762,0.863636,0.901961,0.897335,0.940439,19,3,2,27
MLP_NeuralNet,pooled_global,3,34,1376,576,800,51,56.860000,False,0.876613,0.903226,0.850000,0.944444,0.772727,0.882353,0.869122,0.945141,17,5,1,28
LogisticRegression,fold_aware,3,34,1376,576,800,51,56.860000,False,0.876613,0.903226,0.850000,0.944444,0.772727,0.882353,0.869122,0.967085,17,5,1,28
SVM_RBF,fold_aware,3,34,1376,576,800,51,56.860000,False,0.854701,0.888889,0.820513,0.941176,0.727273,0.862745,0.846395,0.968652,16,6,1,28
RandomForest,fold_aware,3,34,1376,576,800,51,56.860000,False,0.900585,0.912281,0.888889,0.869565,0.909091,0.901961,0.902821,0.929467,20,2,3,26
XGBoost,fold_aware,3,34,1376,576,800,51,56.860000,False,0.899488,0.915254,0.883721,0.904762,0.863636,0.901961,0.897335,0.942006,19,3,2,27
MLP_NeuralNet,fold_aware,3,34,1376,576,800,51,56.860000,False,0.878571,0.900000,0.857143,0.900000,0.818182,0.882353,0.874608,0.921630,18,4,2,27
LogisticRegression,none,4,39,512,512,0,115,22.610000,False,0.736722,0.583333,0.890110,0.870968,0.910112,0.826087,0.724287,0.843129,81,8,12,14
SVM_RBF,none,4,39,512,512,0,115,22.610000,False,0.791213,0.705882,0.876543,0.972603,0.797753,0.826087,0.860415,0.909248,71,18,2,24
RandomForest,none,4,39,512,512,0,115,22.610000,False,0.689609,0.589744,0.789474,0.952381,0.674157,0.721739,0.779386,0.865169,60,29,3,23
XGBoost,none,4,39,512,512,0,115,22.610000,False,0.442424,0.418182,0.466667,0.903226,0.314607,0.443478,0.599611,0.666811,28,61,3,23
MLP_NeuralNet,none,4,39,512,512,0,115,22.610000,False,0.485556,0.458716,0.512397,0.968750,0.348315,0.486957,0.654927,0.898012,31,58,1,25
LogisticRegression,pooled_global,4,39,1312,512,800,115,22.610000,False,0.832670,0.754098,0.911243,0.962500,0.865169,0.869565,0.874892,0.904927,77,12,3,23
SVM_RBF,pooled_global,4,39,1312,512,800,115,22.610000,False,0.745960,0.595745,0.896175,0.872340,0.921348,0.834783,0.729905,0.890233,82,7,12,14
RandomForest,pooled_global,4,39,1312,512,800,115,22.610000,False,0.868571,0.800000,0.937143,0.953488,0.921348,0.904348,0.883751,0.919188,82,7,4,22
XGBoost,pooled_global,4,39,1312,512,800,115,22.610000,False,0.782609,0.695652,0.869565,0.972222,0.786517,0.817391,0.854797,0.900605,70,19,2,24
MLP_NeuralNet,pooled_global,4,39,1312,512,800,115,22.610000,False,0.806225,0.711864,0.900585,0.939024,0.865169,0.852174,0.836430,0.890233,77,12,5,21
LogisticRegression,fold_aware,4,39,1312,512,800,115,22.610000,False,0.702513,0.575758,0.829268,0.906667,0.764045,0.756522,0.747407,0.811150,68,21,7,19
SVM_RBF,fold_aware,4,39,1312,512,800,115,22.610000,False,0.736440,0.649351,0.823529,0.984375,0.707865,0.765217,0.834702,0.901469,63,26,1,25
RandomForest,fold_aware,4,39,1312,512,800,115,22.610000,False,0.542690,0.463158,0.622222,0.913043,0.471910,0.556522,0.659032,0.780467,42,47,4,22
XGBoost,fold_aware,4,39,1312,512,800,115,22.610000,False,0.465524,0.419048,0.512000,0.888889,0.359551,0.469565,0.602852,0.799481,32,57,4,22
MLP_NeuralNet,fold_aware,4,39,1312,512,800,115,22.610000,False,0.753636,0.612245,0.895028,0.880435,0.910112,0.834783,0.743518,0.746759,81,8,11,15
LogisticRegression,none,5,40,576,576,0,51,50.980000,False,0.960769,0.961538,0.960000,0.960000,0.960000,0.960784,0.960769,0.998462,24,1,1,25
SVM_RBF,none,5,40,576,576,0,51,50.980000,False,0.941176,0.941176,0.941176,0.923077,0.960000,0.941176,0.941538,0.996923,24,1,2,24
RandomForest,none,5,40,576,576,0,51,50.980000,False,0.960769,0.960000,0.961538,0.925926,1.000000,0.960784,0.961538,1.000000,25,0,2,24
XGBoost,none,5,40,576,576,0,51,50.980000,False,0.901354,0.893617,0.909091,0.833333,1.000000,0.901961,0.903846,0.995385,25,0,5,21
MLP_NeuralNet,none,5,40,576,576,0,51,50.980000,False,0.980392,0.980392,0.980392,0.961538,1.000000,0.980392,0.980769,1.000000,25,0,1,25
LogisticRegression,pooled_global,5,40,1376,576,800,51,50.980000,False,0.980392,0.980392,0.980392,0.961538,1.000000,0.980392,0.980769,1.000000,25,0,1,25
SVM_RBF,pooled_global,5,40,1376,576,800,51,50.980000,False,0.980392,0.980392,0.980392,0.961538,1.000000,0.980392,0.980769,1.000000,25,0,1,25
RandomForest,pooled_global,5,40,1376,576,800,51,50.980000,False,0.980392,0.980392,0.980392,0.961538,1.000000,0.980392,0.980769,1.000000,25,0,1,25
XGBoost,pooled_global,5,40,1376,576,800,51,50.980000,False,0.980392,0.980392,0.980392,0.961538,1.000000,0.980392,0.980769,1.000000,25,0,1,25
MLP_NeuralNet,pooled_global,5,40,1376,576,800,51,50.980000,False,0.980392,0.980392,0.980392,0.961538,1.000000,0.980392,0.980769,1.000000,25,0,1,25
LogisticRegression,fold_aware,5,40,1376,576,800,51,50.980000,False,0.980392,0.980392,0.980392,0.961538,1.000000,0.980392,0.980769,1.000000,25,0,1,25
SVM_RBF,fold_aware,5,40,1376,576,800,51,50.980000,False,0.980392,0.980392,0.980392,0.961538,1.000000,0.980392,0.980769,0.998462,25,0,1,25
RandomForest,fold_aware,5,40,1376,576,800,51,50.980000,False,0.921296,0.916667,0.925926,0.862069,1.000000,0.921569,0.923077,1.000000,25,0,4,22
XGBoost,fold_aware,5,40,1376,576,800,51,50.980000,False,0.960769,0.960000,0.961538,0.925926,1.000000,0.960784,0.961538,1.000000,25,0,2,24
MLP_NeuralNet,fold_aware,5,40,1376,576,800,51,50.980000,False,0.941086,0.938776,0.943396,0.892857,1.000000,0.941176,0.942308,0.998462,25,0,3,23
LogisticRegression,none,6,42,598,598,0,29,100.000000,True,0.482143,0.964286,0.000000,0.000000,0.000000,0.931034,0.931034,,0,0,2,27
SVM_RBF,none,6,42,598,598,0,29,100.000000,True,1.000000,1.000000,0.000000,0.000000,0.000000,1.000000,1.000000,,0,0,0,29
RandomForest,none,6,42,598,598,0,29,100.000000,True,1.000000,1.000000,0.000000,0.000000,0.000000,1.000000,1.000000,,0,0,0,29
XGBoost,none,6,42,598,598,0,29,100.000000,True,0.491228,0.982456,0.000000,0.000000,0.000000,0.965517,0.965517,,0,0,1,28
MLP_NeuralNet,none,6,42,598,598,0,29,100.000000,True,0.472727,0.945455,0.000000,0.000000,0.000000,0.896552,0.896552,,0,0,3,26
LogisticRegression,pooled_global,6,42,1398,598,800,29,100.000000,True,0.491228,0.982456,0.000000,0.000000,0.000000,0.965517,0.965517,,0,0,1,28
SVM_RBF,pooled_global,6,42,1398,598,800,29,100.000000,True,1.000000,1.000000,0.000000,0.000000,0.000000,1.000000,1.000000,,0,0,0,29
RandomForest,pooled_global,6,42,1398,598,800,29,100.000000,True,1.000000,1.000000,0.000000,0.000000,0.000000,1.000000,1.000000,,0,0,0,29
XGBoost,pooled_global,6,42,1398,598,800,29,100.000000,True,0.491228,0.982456,0.000000,0.000000,0.000000,0.965517,0.965517,,0,0,1,28
MLP_NeuralNet,pooled_global,6,42,1398,598,800,29,100.000000,True,1.000000,1.000000,0.000000,0.000000,0.000000,1.000000,1.000000,,0,0,0,29
LogisticRegression,fold_aware,6,42,1398,598,800,29,100.000000,True,0.462963,0.925926,0.000000,0.000000,0.000000,0.862069,0.862069,,0,0,4,25
SVM_RBF,fold_aware,6,42,1398,598,800,29,100.000000,True,1.000000,1.000000,0.000000,0.000000,0.000000,1.000000,1.000000,,0,0,0,29
RandomForest,fold_aware,6,42,1398,598,800,29,100.000000,True,0.462963,0.925926,0.000000,0.000000,0.000000,0.862069,0.862069,,0,0,4,25
XGBoost,fold_aware,6,42,1398,598,800,29,100.000000,True,0.452830,0.905660,0.000000,0.000000,0.000000,0.827586,0.827586,,0,0,5,24
MLP_NeuralNet,fold_aware,6,42,1398,598,800,29,100.000000,True,0.472727,0.945455,0.000000,0.000000,0.000000,0.896552,0.896552,,0,0,3,26
LogisticRegression,none,7,46,577,577,0,50,90.000000,False,0.473684,0.947368,0.000000,0.000000,0.000000,0.900000,0.500000,0.733333,0,5,0,45
SVM_RBF,none,7,46,577,577,0,50,90.000000,False,0.465241,0.636364,0.294118,0.172414,1.000000,0.520000,0.733333,0.688889,5,0,24,21
RandomForest,none,7,46,577,577,0,50,90.000000,False,0.473684,0.947368,0.000000,0.000000,0.000000,0.900000,0.500000,0.866667,0,5,0,45
XGBoost,none,7,46,577,577,0,50,90.000000,False,0.473684,0.947368,0.000000,0.000000,0.000000,0.900000,0.500000,0.884444,0,5,0,45
MLP_NeuralNet,none,7,46,577,577,0,50,90.000000,False,0.473684,0.947368,0.000000,0.000000,0.000000,0.900000,0.500000,0.320000,0,5,0,45
LogisticRegression,pooled_global,7,46,1377,577,800,50,90.000000,False,0.645390,0.957447,0.333333,1.000000,0.200000,0.920000,0.600000,0.915556,1,4,0,45
SVM_RBF,pooled_global,7,46,1377,577,800,50,90.000000,False,0.769585,0.967742,0.571429,1.000000,0.400000,0.940000,0.700000,0.888889,2,3,0,45
RandomForest,pooled_global,7,46,1377,577,800,50,90.000000,False,0.864130,0.978261,0.750000,1.000000,0.600000,0.960000,0.800000,0.848889,3,2,0,45
XGBoost,pooled_global,7,46,1377,577,800,50,90.000000,False,0.864130,0.978261,0.750000,1.000000,0.600000,0.960000,0.800000,0.924444,3,2,0,45
MLP_NeuralNet,pooled_global,7,46,1377,577,800,50,90.000000,False,0.645390,0.957447,0.333333,1.000000,0.200000,0.920000,0.600000,0.920000,1,4,0,45
LogisticRegression,fold_aware,7,46,1377,577,800,50,90.000000,False,0.473684,0.947368,0.000000,0.000000,0.000000,0.900000,0.500000,0.733333,0,5,0,45
SVM_RBF,fold_aware,7,46,1377,577,800,50,90.000000,False,0.576510,0.805195,0.347826,0.222222,0.800000,0.700000,0.744444,0.688889,4,1,14,31
RandomForest,fold_aware,7,46,1377,577,800,50,90.000000,False,0.816850,0.967033,0.666667,0.750000,0.600000,0.940000,0.788889,0.866667,3,2,1,44
XGBoost,fold_aware,7,46,1377,577,800,50,90.000000,False,0.816850,0.967033,0.666667,0.750000,0.600000,0.940000,0.788889,0.888889,3,2,1,44
MLP_NeuralNet,fold_aware,7,46,1377,577,800,50,90.000000,False,0.473684,0.947368,0.000000,0.000000,0.000000,0.900000,0.500000,0.480000,0,5,0,45
